,동,등록 자동차 수
0,개포1동,13
1,개포2동,55
2,개포4동,26
3,논현1동,64
4,논현2동,42
5,대치1동,196
6,대치2동,1775
7,대치4동,3971
8,도곡1동,64
9,도곡2동,97
10,삼성1동,84
11,삼성2동,76
12,세곡동,110
13,수서동,35
14,신사동,35
15,압구정동,48
16,역삼1동,451
17,역삼2동,131
18,일원1동,22
19,일원2동,60
20,일원본동,39
21,청담동,101
22,강일동,60
23,고덕1동,53
24,고덕2동,43
25,길동,89
26,둔촌1동,5
27,둔촌2동,27
28,명일1동,30
29,명일2동,19
30,상일동,60
31,성내1동,35
32,성내2동,55
33,성내3동,31
34,암사1동,30
35,암사2동,19
36,암사3동,12
37,천호1동,26
38,천호2동,27
39,천호3동,28
40,미아동,25
41,번1동,9
42,번2동,25
43,번3동,38
44,삼각산동,35
45,삼양동,19
46,송중동,23
47,송천동,11
48,수유1동,20
49,수유2동,12
50,수유3동,32
51,우이동,13
52,인수동,36
53,가양1동,205
54,가양2동,11
55,가양3동,17
56,공항동,53
57,등촌1동,41
58,등촌2동,18
59,등촌3동,26
60,발산1동,91
61,방화1동,57
62,방화2동,48
63,방화3동,18
64,염창동,44
65,우장산동,25
66,화곡1동,42
67,화곡2동,10
68,화곡3동,16
69,화곡4동,15
70,화곡6동,20
71,화곡8동,27
72,화곡본동,21
73,낙성대동,13
74,난곡동,10
75,난향동,13
76,남현동,18
77,대학동,56
78,미성동,14
79,보라매동,19
80,삼성동,16
81,서림동,20
82,서원동,13
83,성현동,19
84,신림동,10
85,신사동,14
86,신원동,10
87,은천동,20
88,인헌동,17
89,조원동,13
90,중앙동,13
91,청룡동,68
92,청림동,13
93,행운동,23
94,광장동,35
95,구의1동,23
96,구의2동,28
97,구의3동,26
98,군자동,14
99,능동,12
100,자양1동,42
101,자양2동,15
102,자양3동,30
103,자양4동,6
104,중곡1동,18
105,중곡2동,8
106,중곡3동,9
107,중곡4동,18
108,화양동,20
109,가리봉동,7
110,개봉1동,34
111,개봉2동,19
112,개봉3동,6
113,고척1동,33
114,고척2동,20
115,구로1동,399
116,구로2동,80
117,구로3동,43
118,구로4동,154
119,구로5동,26
120,수궁동,16
121,신도림동,30
122,오류1동,21
123,오류2동,37
124,항동,19
125,가산동,222
126,독산1동,62
127,독산2동,13
128,독산3동,14
129,독산4동,9
130,시흥1동,47
131,시흥2동,24
132,시흥3동,13
133,시흥4동,12
134,시흥5동,23
135,공릉1동,34
136,공릉2동,29
137,상계10동,15
138,상계1동,68
139,상계2동,37
140,상계3.4동,44
141,상계5동,22
142,상계6.7동,33
143,상계8동,17
144,상계9동,9
145,월계1동,17
146,월계2동,21
147,월계3동,26
148,중계1동,19
149,중계2.3동,26
150,중계4동,26
151,중계본동,22
152,하계1동,22
153,하계2동,8
154,도봉1동,25
155,도봉2동,24
156,방학1동,60
157,방학2동,11
158,방학3동,25
159,쌍문1동,34
160,쌍문2동,16
161,쌍문3동,7
162,쌍문4동,12
163,창1동,43
164,창2동,21
165,창3동,13
166,창4동,28
167,창5동,28
168,답십리1동,36
169,답십리2동,27
170,용신동,42
171,이문1동,17
172,이문2동,14
173,장안1동,34
174,장안2동,27
175,전농1동,30
176,전농2동,14
177,제기동,17
178,청량리동,19
179,회기동,7
180,휘경1동,5
181,휘경2동,23
182,노량진1동,43
183,노량진2동,13
184,대방동,31
185,사당1동,22
186,사당2동,26
187,사당3동,28
188,사당4동,14
189,사당5동,15
190,상도1동,38
191,상도2동,22
192,상도3동,18
193,상도4동,16
194,신대방1동,35
195,신대방2동,30
196,흑석동,39
197,공덕동,61
198,대흥동,13
199,도화동,27
200,망원1동,24
201,망원2동,24
202,상암동,95
203,서강동,44
204,서교동,43
205,성산1동,37
206,성산2동,42
207,신수동,33
208,아현동,30
209,연남동,21
210,염리동,11
211,용강동,34
212,합정동,28
213,남가좌1동,19
214,남가좌2동,25
215,북가좌1동,39
216,북가좌2동,28
217,북아현동,16
218,신촌동,14
219,연희동,68
220,천연동,13
221,충현동,36
222,홍은1동,20
223,홍은2동,41
224,홍제1동,24
225,홍제2동,7
226,홍제3동,8
227,내곡동,51
228,반포1동,74
229,반포2동,97
230,반포3동,46
231,반포4동,57
232,반포본동,61
233,방배1동,39
234,방배2동,22
235,방배3동,31
236,방배4동,30
237,방배본동,41
238,서초1동,830
239,서초2동,55
240,서초3동,58
241,서초4동,56
242,양재1동,394
243,양재2동,86
244,잠원동,30
245,금호1가동,16
246,금호2.3가동,24
247,금호4가동,20
248,마장동,79
249,사근동,13
250,성수1가1동,356
251,성수1가2동,227
252,성수2가1동,60
253,성수2가3동,23
254,송정동,9
255,옥수동,45
256,왕십리2동,8
257,왕십리도선동,27
258,용답동,42
259,응봉동,12
260,행당1동,62
261,행당2동,18
262,길음1동,46
263,길음2동,28
264,돈암1동,11
265,돈암2동,38
266,동선동,10
267,보문동,22
268,삼선동,40
269,석관동,30
270,성북동,30
271,안암동,8
272,월곡1동,15
273,월곡2동,25
274,장위1동,14
275,장위2동,9
276,장위3동,20
277,정릉1동,89
278,정릉2동,24
279,정릉3동,12
280,정릉4동,18
281,종암동,41
282,가락1동,84
283,가락2동,47
284,가락본동,30
285,거여1동,10
286,거여2동,19
287,마천1동,31
288,마천2동,20
289,문정1동,73
290,문정2동,80
291,방이1동,29
292,방이2동,34
293,삼전동,45
294,석촌동,35
295,송파1동,28
296,송파2동,20
297,오금동,44
298,오륜동,17
299,위례동,61
300,잠실2동,74
301,잠실3동,54
302,잠실4동,56
303,잠실6동,62
304,잠실7동,8
305,잠실본동,28
306,장지동,34
307,풍납1동,20
308,풍납2동,32
309,목1동,58
310,목2동,25
311,목3동,15
312,목4동,15
313,목5동,54
314,신월1동,20
315,신월2동,9
316,신월3동,20
317,신월4동,24
318,신월5동,9
319,신월6동,27
320,신월7동,22
321,신정1동,92
322,신정2동,37
323,신정3동,41
324,신정4동,30
325,신정6동,43
326,신정7동,16
327,당산1동,64
328,당산2동,48
329,대림1동,16
330,대림2동,10
331,대림3동,16
332,도림동,18
333,문래동,50
334,신길1동,17
335,신길3동,9
336,신길4동,9
337,신길5동,16
338,신길6동,14
339,신길7동,28
340,양평1동,27
341,양평2동,41
342,여의동,1482
343,영등포동,60
344,영등포본동,17
345,남영동,16
346,보광동,10
347,서빙고동,21
348,용문동,13
349,용산2가동,5
350,원효로1동,35
351,원효로2동,77
352,이촌1동,52
353,이촌2동,14
354,이태원1동,48
355,이태원2동,10
356,청파동,13
357,한강로동,65
358,한남동,66
359,효창동,10
360,후암동,24
361,갈현1동,15
362,갈현2동,16
363,구산동,23
364,녹번동,66
365,대조동,9
366,불광1동,23
367,불광2동,15
368,수색동,13
369,신사1동,28
370,신사2동,25
371,역촌동,32
372,응암1동,31
373,응암2동,30
374,응암3동,15
375,증산동,17
376,진관동,134
377,가회동,9
378,교남동,17
379,무악동,12
380,부암동,15
381,사직동,37
382,삼청동,7
383,숭인1동,4
384,숭인2동,3
385,이화동,18
386,종로1.2.3.4가동,53
387,종로5.6가동,6
388,창신1동,2
389,창신2동,6
390,창신3동,4
391,청운효자동,28
392,평창동,41
393,혜화동,16
394,광희동,28
395,다산동,22
396,동화동,8
397,명동,142
398,소공동,226
399,신당5동,8
400,신당동,20
401,약수동,19
402,을지로동,6
403,장충동,21
404,중림동,28
405,청구동,12
406,필동,20
407,황학동,14
408,회현동,140
409,망우3동,24
410,망우본동,62
411,면목2동,40
412,면목3.8동,6
413,면목4동,18
414,면목5동,9
415,면목7동,22
416,면목본동,21
417,묵1동,27
418,묵2동,6
419,상봉1동,26
420,상봉2동,16
421,신내1동,64
422,신내2동,41
423,중화1동,18
424,중화2동,12
